MARCA,MODELO,PRECIO,IVA,FECHA_DE_EMESION,COLOR
Torrent,2009,"€10086,13","€3035,40",2014-07-12,ROJO
Forester,2003,"€37353,68","€2146,09",2014-02-12,VERDE
911,1985,"€59519,64","€2420,39",2013-08-04,BLANCO
A3,2007,"€25003,89","€3393,66",2014-11-05,GRIS
Impreza,2009,"€88289,14","€2582,11",2010-08-20,BLANCO
Jetta,1997,"€12032,84","€3268,61",2016-08-01,NEGRO
Lucerne,2010,"€25599,21","€1670,00",2015-05-22,GRIS
TT,2003,"€31790,67","€2330,29",2018-05-05,NEGRO
Escort,2004,"€62515,97","€2008,36",2019-12-27,ROJO
MKZ,2012,"€20874,78","€1966,17",2014-09-23,BLANCO
9-3,2005,"€69782,06","€2085,96",2019-06-17,ROJO
Yukon XL 1500,2011,"€84442,11","€2248,81",2011-07-16,GRIS
Tracker,2003,"€69066,09","€2775,78",2015-11-30,BLANCO
Amigo,1994,"€65241,64","€1696,72",2015-07-31,BLANCO
Avalanche 1500,2004,"€42287,93","€2099,74",2010-07-01,BLANCO
Maxima,2003,"€37057,48","€2861,84",2018-01-24,BLANCO
Suburban 2500,2006,"€61943,45","€1620,12",2014-05-03,NEGRO
G-Series G30,1996,"€12494,79","€2888,50",2016-11-24,GRIS
Sonoma,1992,"€33797,86","€2679,68",2017-03-27,NEGRO
Suburban,2008,"€27714,18","€2045,28",2016-04-22,NEGRO
Cooper,2005,"€23919,90","€2669,92",2015-01-14,GRIS
Fillmore,1960,"€55538,97","€1766,23",2014-04-12,ROJO
Mentor,1997,"€61730,84","€3052,94",2013-07-23,ROJO
928,1985,"€34148,94","€3182,08",2011-03-22,NEGRO
FF,2012,"€35381,18","€3482,20",2014-03-25,NEGRO
E-Series,2005,"€12877,34","€2969,25",2014-04-18,GRIS
500SEL,1993,"€7908,61","€3321,94",2020-01-18,ROJO
Envoy,2005,"€23782,61","€1624,51",2011-09-28,NEGRO
G-Series G10,1992,"€87189,66","€1677,19",2010-03-23,NEGRO
X3,2008,"€43831,63","€1593,14",2012-12-01,ROJO
Tahoe,2005,"€38545,92","€2317,65",2010-02-10,ROJO
Express 2500,2011,"€72340,99","€2558,09",2020-01-15,ROJO
F430 Spider,2006,"€19494,91","€3330,23",2019-08-31,GRIS
Dakota Club,2003,"€94311,56","€2972,46",2015-06-14,NEGRO
APV,1993,"€71132,90","€3375,49",2016-12-11,BLANCO
300M,2004,"€67908,09","€2798,76",2012-05-12,ROJO
Passat,1987,"€80437,32","€1674,94",2015-01-07,ROJO
CX-5,2013,"€32103,24","€1735,09",2010-06-03,BLANCO
Maxima,2001,"€18592,04","€2883,18",2018-02-23,VERDE
Matrix,2005,"€83944,57","€2940,87",2014-03-26,ROJO
A8,2003,"€43300,85","€1767,37",2011-10-21,BLANCO
F-Series,2011,"€74507,96","€1602,18",2010-08-21,VERDE
Compass,2010,"€85020,10","€3056,92",2010-06-01,VERDE
Sportvan G30,1996,"€96601,65","€2517,97",2018-08-04,VERDE
Cutlass Supreme,1994,"€65070,01","€3234,45",2011-12-27,NEGRO
Stealth,1992,"€98795,07","€3327,33",2015-02-21,GRIS
A4,2002,"€95456,60","€2937,49",2017-11-10,VERDE
Grand Voyager,2000,"€93245,70","€2052,09",2015-11-25,NEGRO
T100,1995,"€25560,52","€2112,19",2016-05-23,BLANCO
Coupe GT,1985,"€61650,27","€1794,63",2014-11-12,ROJO
Rapide,2011,"€8868,11","€3476,73",2012-07-21,GRIS
Outback,2008,"€36049,11","€2410,41",2016-09-12,NEGRO
Nubira,2001,"€50283,97","€3406,04",2017-04-08,VERDE
5 Series,2002,"€75208,81","€2496,07",2019-10-04,ROJO
Countach,1988,"€20138,39","€2063,17",2011-06-09,GRIS
Mustang,1999,"€69887,31","€2854,56",2016-11-28,GRIS
S2000,2009,"€49883,06","€2874,34",2015-03-17,GRIS
xB,2012,"€61125,42","€3116,64",2015-05-07,BLANCO
599 GTB Fiorano,2010,"€20547,23","€2900,07",2014-12-16,NEGRO
Monterey,2006,"€65176,38","€2647,32",2016-07-21,NEGRO
Expedition EL,2011,"€85718,86","€1589,08",2012-02-27,ROJO
Forte,2012,"€25452,84","€1872,12",2017-04-06,BLANCO
Windstar,1998,"€80590,81","€2787,87",2019-12-25,ROJO
Monte Carlo,1999,"€53491,41","€1603,43",2014-07-30,VERDE
XK Series,2005,"€60141,86","€2101,59",2012-04-08,GRIS
X-90,1996,"€58255,17","€3093,70",2015-07-08,BLANCO
200SX,1997,"€73215,43","€3479,71",2019-08-04,GRIS
Milan,2007,"€86783,14","€3248,22",2016-03-26,ROJO
Grand Marquis,2003,"€76375,95","€3306,67",2019-01-16,VERDE
Th!nk,2000,"€17215,65","€2947,16",2012-06-28,BLANCO
Mark VII,1984,"€90559,86","€3022,99",2013-09-03,BLANCO
968,1994,"€29433,45","€1733,20",2015-05-22,ROJO
XJ Series,2002,"€94241,36","€1646,07",2012-01-13,NEGRO
Freestar,2003,"€96693,39","€2064,98",2013-06-08,GRIS
F-Series,2001,"€70927,98","€2810,09",2011-11-27,ROJO
Silverado 1500,2006,"€11402,82","€3077,63",2016-10-31,ROJO
Touareg,2011,"€12634,08","€2160,09",2015-10-30,BLANCO
Park Avenue,2004,"€83948,25","€2213,95",2016-02-26,BLANCO
VehiCROSS,2000,"€79189,50","€1987,70",2012-08-09,VERDE
Golf,1986,"€20069,00","€2341,87",2011-08-11,BLANCO
Element,2003,"€91855,73","€2293,54",2010-04-05,GRIS
Legacy,1995,"€20213,80","€3262,62",2020-01-04,BLANCO
Sequoia,2011,"€91126,33","€3163,07",2017-10-17,VERDE
Ram 2500,2004,"€36715,04","€3082,88",2019-03-21,BLANCO
Charger,2009,"€41325,28","€2406,00",2015-01-30,GRIS
RX,2004,"€55450,19","€3396,08",2015-09-13,BLANCO
Express 1500,2010,"€91846,51","€3176,32",2013-10-15,GRIS
Thunderbird,1958,"€64996,51","€2875,88",2020-05-26,ROJO
RX,2012,"€89567,79","€2722,78",2014-05-08,VERDE
Avalon,2004,"€80445,54","€3308,44",2016-12-04,GRIS
Fairlane,1966,"€43709,70","€1650,21",2017-11-03,ROJO
Neon,1996,"€22363,05","€3241,01",2011-03-18,VERDE
CLK-Class,2005,"€55014,76","€1908,91",2018-10-28,NEGRO
SC,2000,"€42047,47","€2879,94",2012-01-17,NEGRO
New Beetle,2000,"€27963,01","€2014,02",2019-05-06,ROJO
TT,2000,"€77124,92","€2378,68",2015-12-03,BLANCO
Savana 1500,2000,"€16063,41","€3239,72",2010-03-13,GRIS
Paseo,1996,"€68733,17","€2034,07",2012-11-08,BLANCO
Suburban 1500,1995,"€91866,74","€2514,70",2018-10-23,NEGRO
HHR,2010,"€36332,00","€2810,58",2014-02-19,ROJO
Insight,2003,"€67731,41","€3325,49",2019-11-30,NEGRO
Silverado 3500,2003,"€28583,39","€3390,56",2018-03-06,NEGRO
Ram Van B250,1992,"€49197,49","€2696,08",2016-04-26,GRIS
Corvette,1962,"€37547,14","€1968,72",2012-12-06,NEGRO
Boxster,2005,"€12138,22","€3003,33",2015-01-22,BLANCO
T100 Xtra,1997,"€34356,78","€2356,75",2013-05-15,NEGRO
Freelander,2008,"€24286,43","€1971,00",2011-10-14,ROJO
Altima,2005,"€63518,28","€2056,03",2017-11-14,NEGRO
A5,2011,"€11258,15","€2432,02",2015-11-27,ROJO
Legacy,2004,"€46400,40","€2593,46",2016-02-08,NEGRO
Challenger,2008,"€66470,08","€2329,50",2018-04-29,BLANCO
Mark VII,1984,"€74498,71","€2406,29",2016-10-12,ROJO
CLK-Class,2000,"€17837,82","€1773,10",2020-06-25,GRIS
S40,2000,"€63790,43","€1802,02",2012-02-25,ROJO
Escalade EXT,2010,"€42799,52","€2656,68",2019-09-29,GRIS
XLR-V,2009,"€50575,01","€3253,38",2010-02-19,NEGRO
88,1995,"€72943,21","€2456,05",2012-05-06,GRIS
Mark VIII,1998,"€12298,51","€2296,39",2018-02-04,BLANCO
Grand Cherokee,1997,"€84367,29","€1778,27",2013-09-23,VERDE
Dakota,2011,"€40020,15","€2967,18",2015-06-17,ROJO
Grand Prix,2002,"€35115,96","€2092,11",2017-11-02,NEGRO
Fiesta,2011,"€34401,37","€2565,05",2014-11-23,NEGRO
CLS-Class,2006,"€76919,24","€2251,07",2017-08-03,GRIS
Mazdaspeed 3,2008,"€91146,12","€1829,98",2011-06-27,GRIS
Sentra,1991,"€36648,07","€3061,79",2019-01-29,VERDE
RS 4,2008,"€88979,88","€3037,72",2010-03-19,ROJO
A6,2000,"€22030,25","€2828,89",2014-09-15,NEGRO
TT,2012,"€38746,14","€3355,44",2011-08-05,ROJO
Villager,1993,"€61007,79","€3374,18",2010-06-28,BLANCO
H1,1994,"€84198,74","€1933,01",2019-09-12,BLANCO
Verona,2005,"€59270,52","€2752,62",2019-12-23,NEGRO
C-Class,1993,"€73740,42","€2038,43",2015-11-03,BLANCO
Beretta,1994,"€8697,64","€2598,48",2018-01-23,NEGRO
Land Cruiser,2000,"€49841,95","€2000,63",2010-04-02,VERDE
Grand Prix,1981,"€21099,94","€1726,24",2019-09-01,ROJO
Miata MX-5,2004,"€73569,76","€3350,00",2020-02-24,NEGRO
300M,2000,"€9931,33","€2091,13",2013-02-26,NEGRO
Durango,2007,"€95074,98","€3305,02",2015-02-24,GRIS
Trooper,1993,"€63314,38","€3310,06",2011-05-17,ROJO
Edge,2010,"€16511,55","€2043,54",2011-03-04,GRIS
Lucerne,2011,"€84367,87","€2118,80",2015-11-11,VERDE
Supra,1998,"€40551,18","€1972,92",2011-11-18,ROJO
Probe,1997,"€94994,94","€2977,59",2011-06-15,GRIS
MPV,1991,"€95125,65","€2824,74",2014-06-16,NEGRO
Familia,1991,"€30455,17","€2917,89",2013-10-29,NEGRO
Town Car,1999,"€44565,70","€2387,66",2019-09-06,VERDE
Journey,2011,"€9829,16","€3428,04",2019-04-21,VERDE
Exige,2007,"€39437,41","€3459,11",2015-07-17,ROJO
Land Cruiser,2001,"€22537,84","€2286,26",2018-11-16,ROJO
Jetta,2009,"€31370,58","€1598,66",2015-02-05,ROJO
900,1985,"€71440,78","€1910,92",2011-07-18,NEGRO
XC70,2006,"€47120,01","€2958,29",2014-03-24,NEGRO
Veracruz,2011,"€49104,50","€1822,87",2013-06-04,VERDE
Expedition,2001,"€59592,01","€2349,91",2012-09-02,BLANCO
CLS-Class,2009,"€69542,01","€2741,11",2016-07-30,VERDE
Grand Prix,1977,"€94133,26","€3482,85",2015-07-06,BLANCO
929,1993,"€43267,20","€2806,89",2010-12-21,GRIS
Defender,1992,"€81127,89","€2161,49",2018-05-18,NEGRO
Suburban 2500,1995,"€62841,91","€2064,53",2018-10-09,ROJO
Optima,2004,"€68276,83","€3342,93",2020-05-19,BLANCO
1 Series,2011,"€84388,08","€1782,49",2020-02-24,GRIS
Achieva,1993,"€29947,51","€3438,60",2018-03-19,NEGRO
M5,2000,"€64865,32","€3393,89",2011-07-30,GRIS
Caprice,1983,"€58269,13","€3090,14",2019-04-26,VERDE
Tiburon,2004,"€85009,24","€1715,85",2013-10-19,VERDE
Diablo,1996,"€47387,25","€2149,88",2016-02-03,VERDE
Jetta,1987,"€45899,53","€2762,96",2012-07-31,NEGRO
Crown Victoria,2008,"€86342,34","€1992,99",2019-12-01,VERDE
Lancer,2012,"€81868,10","€1769,37",2012-05-01,NEGRO
Savana 1500,2000,"€21398,22","€1873,73",2016-01-28,NEGRO
SC,2002,"€88478,58","€3316,93",2020-06-18,ROJO
Savana 2500,1996,"€99183,95","€1653,98",2015-10-09,NEGRO
Accord,1993,"€37702,09","€3446,87",2015-08-20,GRIS
L-Series,2001,"€80455,44","€2005,51",2018-07-09,ROJO
Charger,1968,"€50125,80","€2604,53",2019-05-16,BLANCO
GTI,2011,"€92112,54","€1958,58",2015-09-07,GRIS
900,1987,"€11770,84","€1968,35",2013-08-09,GRIS
GT500,2009,"€80844,94","€2937,82",2017-12-08,BLANCO
Murciélago,2003,"€93255,86","€2858,69",2018-02-08,VERDE
Accord,1993,"€59810,16","€3023,84",2016-01-12,VERDE
Cube,2009,"€36766,34","€1689,28",2016-06-30,BLANCO
Express,2007,"€35913,01","€1659,43",2015-12-29,GRIS
X-Type,2002,"€41852,45","€2351,84",2016-04-22,GRIS
Pathfinder Armada,2004,"€78772,94","€2112,41",2017-12-31,GRIS
Range Rover,1992,"€54305,28","€2465,29",2016-06-26,GRIS
Pajero,2001,"€91456,58","€2422,22",2014-09-17,GRIS
Reno,2008,"€76074,69","€1922,12",2010-08-06,BLANCO
Gallardo,2006,"€41744,75","€2920,22",2014-05-04,VERDE
Rio,2006,"€78750,26","€2534,58",2019-05-23,VERDE
57,2007,"€85318,18","€2143,35",2020-06-17,NEGRO
Expedition,2007,"€85400,30","€2013,30",2010-08-01,BLANCO
Freestyle,2006,"€74699,46","€2225,81",2019-12-15,VERDE
Quattroporte,2005,"€83907,29","€2448,47",2011-03-21,GRIS
H3,2007,"€45814,68","€3428,85",2017-12-01,NEGRO
Journey,2012,"€33761,84","€3399,16",2010-10-02,GRIS
F150,1994,"€28985,40","€1637,90",2015-01-27,GRIS
Mini Cooper S,1963,"€28480,00","€2237,01",2013-10-24,GRIS
Navigator,2003,"€49258,15","€2488,80",2010-09-06,VERDE
Express,2006,"€91921,39","€1589,24",2010-08-02,VERDE
Mighty Max,1993,"€54695,66","€2115,11",2011-09-13,VERDE
Ram Van 3500,1995,"€61787,24","€3115,14",2012-07-31,BLANCO
Golf III,1993,"€35880,35","€3163,57",2015-09-16,BLANCO
G5,2008,"€8503,64","€2271,95",2017-12-27,BLANCO
Econoline E250,1995,"€53632,90","€2341,49",2020-02-27,GRIS
Camaro,2002,"€51027,84","€3432,88",2019-08-18,BLANCO
Vitara,2000,"€33140,36","€3468,18",2010-11-16,NEGRO
Tempo,1992,"€69917,21","€3407,19",2020-06-21,ROJO
300CE,1992,"€47411,34","€2380,11",2010-02-18,NEGRO
Xterra,2002,"€42823,17","€2281,55",2010-11-08,VERDE
928,1989,"€39815,50","€2597,48",2011-05-31,ROJO
Corvette,2003,"€86000,44","€2774,87",2016-10-05,ROJO
G-Series G10,1994,"€10361,91","€1647,85",2017-03-21,BLANCO
Voyager,2001,"€44484,65","€1934,39",2011-01-10,GRIS
Accent,2008,"€54891,26","€2392,91",2013-12-11,VERDE
Land Cruiser,1995,"€75191,85","€2124,30",2016-08-25,NEGRO
CC,2009,"€50814,82","€2244,89",2011-02-18,NEGRO
Land Cruiser,1992,"€9846,64","€3274,32",2013-08-24,VERDE
E250,2012,"€41908,80","€2256,37",2019-04-20,ROJO
Thunderbird,1996,"€65096,11","€3323,65",2013-06-06,BLANCO
CX-9,2009,"€83772,14","€1958,55",2015-04-16,ROJO
Sierra 3500,2004,"€94619,45","€2591,94",2018-08-19,ROJO
Arnage,2008,"€21271,08","€1791,68",2017-05-03,ROJO
Discovery,2008,"€28542,01","€2097,23",2017-09-11,ROJO
Cultus,1985,"€93198,32","€2082,70",2017-01-30,VERDE
Viper,2003,"€36551,29","€2639,06",2011-05-15,BLANCO
Focus,2010,"€74496,76","€3473,68",2013-01-22,ROJO
VS Commodore,1997,"€21411,88","€2462,62",2020-04-18,GRIS
Express 1500,2003,"€53987,79","€1791,87",2019-02-19,GRIS
Caravan,2009,"€68028,40","€2695,71",2010-04-07,GRIS
Gallardo,2010,"€98359,30","€3231,06",2020-07-03,ROJO
Lucerne,2008,"€80393,26","€1777,48",2012-01-24,ROJO
9-7X,2008,"€63960,86","€2769,21",2013-05-07,VERDE
TSX,2010,"€36374,32","€2739,61",2015-01-24,GRIS
Express 2500,2007,"€59129,42","€1973,97",2015-04-08,GRIS
Focus,2003,"€28004,12","€3037,14",2012-05-14,NEGRO
MX-5,2009,"€26236,63","€1924,58",2011-10-17,ROJO
E-Class,2005,"€36249,15","€2793,82",2010-08-04,BLANCO
SSR,2006,"€24733,63","€2364,42",2019-03-31,NEGRO
900,1996,"€28311,74","€2372,26",2019-06-02,BLANCO
Laser,1989,"€13055,86","€2294,91",2010-09-11,ROJO
Firebird,1985,"€63694,78","€1727,77",2019-01-05,NEGRO
Savana 1500,2008,"€13600,55","€2036,83",2016-01-31,GRIS
Golf,1993,"€96742,44","€3349,31",2017-02-11,BLANCO
MX-3,1996,"€27268,15","€2022,03",2016-07-25,VERDE
Ram,2009,"€26725,37","€3220,72",2011-05-18,BLANCO
300SD,1993,"€76767,65","€3172,58",2014-12-10,VERDE
Yukon,2004,"€51073,00","€2805,74",2015-02-06,VERDE
Quest,2009,"€24368,58","€3420,52",2017-10-28,GRIS
Montero Sport,1998,"€93710,15","€3385,49",2013-10-17,VERDE
S90,1997,"€21513,81","€2368,74",2014-09-10,ROJO
Ram,2007,"€51759,15","€2009,00",2019-10-26,GRIS
Sonata,2009,"€77441,16","€3110,63",2014-10-20,NEGRO
GLK-Class,2010,"€21487,59","€1578,29",2018-06-09,BLANCO
RX-8,2006,"€16095,86","€3320,93",2014-05-26,GRIS
Mazdaspeed6,2006,"€60004,79","€3007,32",2017-09-09,GRIS
GS,1996,"€45501,71","€2735,67",2019-02-25,ROJO
Accord,2003,"€77822,72","€2560,82",2016-02-23,VERDE
Caravan,2004,"€80728,16","€2104,86",2014-09-30,NEGRO
Sentra,2006,"€34907,50","€3012,14",2011-10-07,BLANCO
A8,2006,"€97182,10","€2059,85",2012-11-01,ROJO
F250,1992,"€37996,48","€1678,90",2020-04-12,GRIS
Tahoe,2012,"€19546,82","€2291,64",2018-12-04,NEGRO
Eurovan,2002,"€52100,35","€2477,37",2014-10-02,BLANCO
Caprice,1992,"€55800,43","€1594,21",2016-03-10,GRIS
Cayenne,2004,"€34462,26","€2397,07",2010-08-26,GRIS
Safari,1987,"€11857,92","€2832,72",2016-03-19,NEGRO
G-Series G30,1993,"€34808,68","€2862,64",2012-05-13,VERDE
Rogue,2011,"€50029,05","€2151,62",2019-04-20,GRIS
1500,1997,"€40928,71","€2286,14",2018-12-20,VERDE
Talon,1997,"€64218,90","€3427,68",2019-09-13,ROJO
Mulsanne,2011,"€85404,28","€2522,64",2015-08-20,NEGRO
Corvette,2006,"€65908,76","€2940,19",2018-02-15,BLANCO
4Runner,2001,"€15117,57","€2495,79",2015-09-23,GRIS
Nubira,1999,"€30884,64","€2681,07",2014-03-29,GRIS
CTS,2007,"€71801,81","€2234,87",2012-10-18,ROJO
911,1987,"€22334,74","€2373,60",2012-01-16,NEGRO
NV3500,2012,"€92817,84","€2986,98",2018-03-08,GRIS
Silverado 3500HD,2006,"€68944,07","€2249,48",2020-04-12,VERDE
Mirage,1986,"€67842,70","€1637,80",2012-01-31,VERDE
Riviera,1992,"€91514,93","€2412,63",2016-06-29,NEGRO
Town & Country,1996,"€41038,35","€2737,86",2016-02-01,ROJO
Enclave,2011,"€67203,96","€1983,42",2015-04-24,ROJO
Town Car,2003,"€19494,84","€1884,99",2020-03-18,GRIS
Tracer,1989,"€15125,93","€2027,85",2012-03-08,GRIS
Tempest,1967,"€81902,16","€2670,84",2015-08-01,VERDE
Reno,2005,"€70438,85","€3250,47",2015-08-24,BLANCO
Suburban 2500,2002,"€18695,66","€3171,69",2013-08-26,GRIS
Solara,1999,"€80839,72","€2300,68",2016-12-24,NEGRO
Avalon,2009,"€26024,11","€2616,43",2013-04-08,VERDE
Silhouette,1994,"€48317,16","€2986,74",2013-06-05,NEGRO
Grand Prix,1962,"€71150,99","€2766,52",2018-05-03,GRIS
Sequoia,2009,"€23142,38","€3194,52",2013-01-30,BLANCO
Altima,2008,"€26676,57","€2408,55",2018-06-23,BLANCO
3500 Club Coupe,1997,"€11846,61","€2774,12",2012-04-28,NEGRO
Celica,1999,"€85093,40","€1834,58",2014-06-27,ROJO
Protege,2000,"€14159,64","€2041,65",2015-04-24,ROJO
Laser,1988,"€11586,41","€2593,12",2012-09-04,GRIS
Sorento,2009,"€42900,60","€2535,57",2015-03-24,NEGRO
Avalon,2012,"€70476,93","€2487,09",2020-04-17,NEGRO
Acadia,2012,"€59242,05","€2396,29",2011-01-15,NEGRO
Q,2001,"€46228,70","€2547,92",2016-02-21,ROJO
Wrangler,1999,"€32821,94","€2416,02",2010-03-10,BLANCO
Laser,1994,"€8133,53","€3451,73",2015-01-27,VERDE
Ram,1994,"€36700,00","€2637,42",2015-10-16,GRIS
S10,1998,"€59065,17","€2163,13",2011-01-08,GRIS
Escort,1993,"€51157,14","€3260,35",2015-02-11,GRIS
Mazda6,2010,"€75679,40","€3495,48",2019-04-10,GRIS
57,2009,"€53662,25","€2690,84",2011-01-17,GRIS
Esprit,1986,"€79377,88","€1759,97",2012-12-03,ROJO
Eurovan,1992,"€69168,20","€2060,12",2013-06-04,VERDE
Santa Fe,2008,"€53874,75","€2436,57",2019-08-17,VERDE
GT500,1968,"€47116,78","€2493,23",2012-06-26,ROJO
rio,1995,"€69394,22","€2557,94",2015-02-21,VERDE
M3,2004,"€90700,89","€2286,05",2017-05-24,GRIS
Relay,2005,"€76342,55","€2857,27",2016-07-27,VERDE
Explorer,1994,"€45414,29","€1748,98",2012-01-20,GRIS
S6,2003,"€56707,18","€2527,37",2016-01-19,NEGRO
SLR McLaren,2008,"€43469,50","€2648,18",2015-07-18,BLANCO
E150,2012,"€14944,16","€3293,83",2011-01-12,BLANCO
Quest,2012,"€67449,03","€2516,32",2014-10-07,ROJO
4Runner,2010,"€24086,61","€3293,44",2018-10-13,NEGRO
MX-5,2012,"€39587,47","€2565,89",2015-05-19,BLANCO
Ram 1500,2006,"€35530,98","€2912,22",2019-06-19,ROJO
GTI,2002,"€60887,36","€3312,59",2011-03-15,BLANCO
X-Type,2005,"€78264,94","€2965,35",2016-10-01,GRIS
Quest,2007,"€67277,51","€2325,89",2013-05-06,GRIS
MX-6,1996,"€40110,74","€3196,43",2016-05-11,NEGRO
Ram 3500 Club,1995,"€61651,68","€3201,93",2015-03-19,VERDE
MX-3,1995,"€45539,57","€2123,17",2018-06-18,ROJO
Coupe,2006,"€28845,53","€3288,17",2013-10-22,BLANCO
Wrangler,1998,"€71846,79","€2906,12",2014-08-11,NEGRO
F-Series,1997,"€85153,17","€2970,84",2010-07-21,NEGRO
Equinox,2007,"€76418,62","€2382,49",2010-09-03,GRIS
Cobalt,2009,"€16113,54","€2414,62",2014-08-05,GRIS
Silhouette,1998,"€62493,18","€1660,61",2012-08-13,BLANCO
Town Car,2011,"€27020,13","€3048,45",2010-12-18,NEGRO
Golf,2002,"€54632,53","€3499,93",2012-06-18,VERDE
V70,2010,"€11610,64","€2096,83",2012-09-04,ROJO
Town Car,1994,"€66666,76","€3420,83",2018-06-24,NEGRO
CR-V,2008,"€59412,18","€2420,27",2011-02-28,BLANCO
Wrangler,2000,"€72980,94","€1996,71",2013-07-22,GRIS
Navigator,2010,"€28518,54","€2998,50",2010-08-08,VERDE
Patriot,2009,"€11426,47","€2790,56",2012-01-25,VERDE
Challenger,2000,"€48648,11","€2011,68",2012-04-12,BLANCO
Quest,2005,"€98814,38","€2508,57",2019-07-16,GRIS
FX,2007,"€15888,92","€1946,25",2018-01-02,BLANCO
X-90,1998,"€72983,44","€2188,68",2013-11-11,ROJO
V70,2010,"€78538,32","€2407,77",2020-03-27,GRIS
S10,2004,"€45163,29","€1742,49",2010-09-22,GRIS
Grand Prix,1967,"€18495,34","€3133,08",2013-10-05,GRIS
Boxster,2010,"€62968,94","€2504,69",2015-05-31,VERDE
Odyssey,2008,"€78679,41","€1920,59",2018-05-15,ROJO
Lancer Evolution,2010,"€56770,23","€1616,53",2010-07-14,VERDE
Canyon,2010,"€56431,20","€3068,68",2012-07-20,ROJO
Spyder,2002,"€96367,90","€2094,59",2012-01-13,ROJO
RSX,2004,"€52552,40","€1630,30",2015-11-21,NEGRO
Scirocco,1986,"€57123,14","€2744,91",2015-12-08,BLANCO
Impala,2007,"€16366,06","€2886,98",2014-12-31,ROJO
Escalade,2004,"€49496,62","€1780,74",2016-06-10,VERDE
Esprit,1999,"€59641,86","€1908,92",2015-05-03,ROJO
Ram 3500,1997,"€36897,44","€1895,58",2015-11-03,GRIS
RL,2012,"€86934,19","€1886,62",2012-06-12,VERDE
Impreza,1999,"€42148,90","€2649,80",2014-03-10,VERDE
Avalon,2011,"€18530,26","€2046,67",2013-03-27,BLANCO
Century,1990,"€43308,90","€2573,21",2014-03-20,BLANCO
Countach,1987,"€87340,22","€3412,08",2018-12-25,NEGRO
Camry,2005,"€38357,26","€2752,14",2011-07-09,ROJO
Forester,2005,"€9446,51","€2053,17",2011-11-23,NEGRO
Accent,2006,"€91389,78","€1870,10",2012-01-07,GRIS
C70,2006,"€92462,95","€1755,27",2018-03-18,NEGRO
Civic,1996,"€68414,89","€1966,84",2015-08-30,VERDE
Pathfinder,1993,"€36155,17","€1712,86",2014-05-07,VERDE
Equinox,2010,"€73798,35","€1988,77",2016-11-30,GRIS
Reatta,1988,"€49738,99","€2197,38",2018-06-30,BLANCO
Tribute,2001,"€21944,59","€2603,44",2018-11-21,VERDE
Topaz,1992,"€89586,03","€2463,04",2010-11-11,ROJO
F250,2005,"€28742,43","€2918,46",2019-08-01,GRIS
S80,2006,"€44249,88","€3035,84",2020-06-03,BLANCO
Acclaim,1993,"€94372,46","€2180,07",2014-12-10,ROJO
Pajero,1993,"€97750,24","€1818,80",2014-01-09,NEGRO
G6,2005,"€69936,22","€2435,67",2010-10-13,BLANCO
Quattro,1992,"€53827,14","€3201,27",2011-07-18,ROJO
E-Series,2010,"€51602,58","€3137,35",2018-02-23,ROJO
Alcyone SVX,1995,"€74765,35","€3488,93",2015-02-27,VERDE
Vantage,2009,"€33745,02","€3081,78",2018-08-17,VERDE
Aerio,2006,"€68191,40","€3271,88",2015-03-04,ROJO
1500,1998,"€84327,40","€2199,83",2011-03-12,VERDE
Golf,1984,"€75820,65","€2319,24",2012-11-11,ROJO
Firebird,2000,"€45243,49","€2570,26",2011-08-01,NEGRO
Impala,2004,"€10026,53","€2897,02",2017-09-06,NEGRO
E250,2009,"€25447,60","€3244,48",2017-07-02,ROJO
Fury,1964,"€70497,91","€3367,12",2010-06-26,GRIS
Corrado,1992,"€67309,44","€1766,57",2017-05-28,VERDE
Expedition,2005,"€79868,89","€2717,57",2010-08-26,VERDE
Corvette,1957,"€39874,21","€3442,89",2011-02-09,VERDE
Esprit,1994,"€61724,44","€2979,99",2017-02-05,VERDE
Ciera,1993,"€90946,99","€2754,60",2010-09-30,GRIS
Sequoia,2006,"€62660,75","€3088,71",2019-11-04,NEGRO
Mazda2,2011,"€66059,46","€1885,86",2019-06-26,ROJO
Altima,2003,"€41915,74","€1974,14",2011-02-03,BLANCO
S40,2005,"€86259,15","€3430,70",2011-01-20,NEGRO
Laser,1986,"€86644,53","€2725,78",2018-03-30,VERDE
R32,2008,"€28061,71","€2950,76",2019-02-01,BLANCO
Sportage,2002,"€24739,69","€2022,67",2015-02-08,GRIS
New Beetle,2002,"€71810,04","€1666,01",2010-03-08,NEGRO
Eclipse,2010,"€47075,72","€2013,62",2010-03-01,ROJO
G35,2003,"€13882,37","€2499,96",2016-02-01,VERDE
i-290,2008,"€53149,40","€3450,45",2018-11-02,VERDE
SRX,2008,"€21102,39","€2520,68",2015-11-29,NEGRO
Pajero,2006,"€92893,26","€2918,80",2017-12-16,BLANCO
ES,2012,"€10388,78","€2856,63",2012-03-16,ROJO
Xterra,2005,"€14957,05","€2188,60",2011-11-06,NEGRO
xA,2006,"€71915,23","€3229,63",2010-04-28,ROJO
Z4 M,2008,"€42354,83","€2609,94",2013-05-15,GRIS
Touareg 2,2008,"€94789,76","€1991,95",2016-08-02,BLANCO
Cayman,2006,"€13741,90","€2213,65",2018-09-29,VERDE
Toronado,1992,"€94257,44","€2631,54",2010-02-25,BLANCO
Familia,1989,"€59834,35","€2825,04",2013-11-30,ROJO
LeMans,1991,"€38831,41","€3007,41",2019-08-21,VERDE
Karif,1990,"€17641,49","€1670,90",2016-06-09,GRIS
A8,1999,"€42731,83","€2400,46",2020-02-02,BLANCO
PT Cruiser,2006,"€15194,78","€3451,40",2017-07-07,ROJO
Town & Country,2008,"€69053,75","€3169,39",2014-11-13,ROJO
B-Series,2007,"€99874,33","€2702,73",2014-09-29,GRIS
Rio,2001,"€39606,55","€2929,83",2011-12-04,BLANCO
911,2013,"€71755,54","€3204,73",2014-10-03,NEGRO
Biturbo,1986,"€13927,92","€2961,50",2017-01-11,VERDE
Capri,1985,"€37389,29","€3459,94",2015-07-06,BLANCO
RX-8,2011,"€14304,74","€3362,04",2018-03-27,ROJO
9-5,2003,"€26868,07","€3181,39",2020-01-11,GRIS
Ram Van B250,1994,"€53870,08","€3237,90",2017-09-04,NEGRO
SVX,1994,"€67606,14","€2286,78",2015-09-10,NEGRO
Bonneville,1994,"€23474,42","€1757,00",2017-01-11,VERDE
Maxima,1998,"€28173,21","€2285,08",2014-06-26,ROJO
Tribeca,2011,"€58147,98","€1689,36",2016-03-21,NEGRO
S-Class,2008,"€57494,71","€2383,95",2012-02-16,VERDE
Yukon XL 1500,2013,"€93742,41","€2063,41",2019-11-08,VERDE
Edge,2008,"€54002,70","€1595,47",2012-12-29,VERDE
Space,1994,"€30810,12","€1638,09",2016-12-23,GRIS
Prelude,1998,"€40238,05","€1993,03",2019-03-29,NEGRO
Scirocco,1986,"€67262,56","€2560,17",2016-11-09,VERDE
IPL G,2011,"€36260,71","€2000,47",2011-10-25,ROJO
300,1999,"€38725,25","€2908,46",2016-05-23,ROJO
Beretta,1995,"€25178,04","€1747,97",2011-06-11,ROJO
Sportage,1997,"€37749,56","€3252,55",2018-12-13,BLANCO
CL,1998,"€79161,42","€2652,29",2010-12-26,BLANCO
Cirrus,1995,"€98409,34","€2822,26",2016-01-06,NEGRO
E350,2004,"€91987,28","€1580,47",2019-08-25,NEGRO
Avalanche 1500,2006,"€96665,23","€3067,94",2016-03-02,VERDE
TT,2001,"€85673,21","€1580,15",2010-11-05,NEGRO
V8 Vantage S,2012,"€11127,46","€2051,86",2018-09-04,GRIS
SRX,2009,"€45351,95","€2425,60",2011-07-12,ROJO
A8,2011,"€29317,52","€1921,49",2011-12-26,GRIS
Tempo,1994,"€43493,21","€3023,78",2011-02-14,ROJO
Mazdaspeed 3,2007,"€98548,40","€2918,42",2018-02-16,NEGRO
MX-3,1993,"€75025,64","€1818,36",2012-09-11,GRIS
Sprinter,2008,"€48752,65","€2095,67",2012-08-29,NEGRO
Tundra,2010,"€93881,45","€2386,21",2018-11-22,GRIS
Cavalier,2000,"€41404,29","€2667,47",2020-04-01,ROJO
Five Hundred,2005,"€8663,26","€2606,40",2019-02-23,NEGRO
Land Cruiser,2005,"€19003,01","€2897,49",2017-05-27,ROJO
Mazda5,2006,"€66864,22","€2579,93",2017-03-14,NEGRO
Firebird,1969,"€70384,56","€3213,94",2011-12-19,BLANCO
Fit,2011,"€26571,41","€3191,79",2013-06-17,GRIS
Continental Mark VII,1987,"€76443,39","€1645,01",2018-10-10,VERDE
Wrangler,2000,"€10512,58","€2214,22",2012-10-20,ROJO
Pacifica,2006,"€30655,49","€2872,53",2019-10-06,BLANCO
M-Class,2004,"€91985,85","€1968,77",2017-05-15,ROJO
Grand Vitara,2009,"€25615,87","€1940,82",2016-02-03,BLANCO
Fusion,2012,"€99772,26","€1624,91",2014-05-01,ROJO
626,1990,"€19170,47","€3015,27",2017-07-03,VERDE
Matrix,2007,"€84230,43","€1630,80",2017-08-06,BLANCO
Probe,1997,"€68678,80","€2111,37",2016-02-19,ROJO
Ram 1500 Club,1995,"€34054,25","€1726,81",2012-01-08,VERDE
Seville,1995,"€32631,82","€2719,59",2011-12-22,GRIS
Passat,1997,"€47676,09","€3301,82",2013-10-04,NEGRO
Corolla,2003,"€34621,16","€2473,94",2018-02-22,GRIS
Ram 2500 Club,1997,"€69337,42","€1614,13",2014-02-03,GRIS
Murano,2012,"€66876,48","€3106,93",2016-04-26,ROJO
Ranger,2010,"€86463,12","€3303,52",2015-04-21,VERDE
CR-V,2003,"€26033,42","€3245,50",2015-07-19,GRIS
Ram 1500 Club,1999,"€82880,53","€2035,69",2014-03-21,ROJO
Grand Prix,1992,"€8021,17","€3394,03",2018-12-03,BLANCO
Express 1500,2010,"€54422,61","€1998,05",2012-05-03,VERDE
Model T,1909,"€51215,05","€2875,33",2019-08-17,ROJO
Impala,2002,"€30508,19","€3041,69",2011-10-17,NEGRO
Firebird,1986,"€28968,22","€2703,87",2014-12-03,BLANCO
Accord,1992,"€26595,04","€3153,67",2016-06-01,BLANCO
Town & Country,2007,"€71300,18","€2019,58",2014-03-11,BLANCO
S-Class,2000,"€38156,58","€2479,36",2020-03-09,ROJO
E350,2009,"€64899,77","€3147,01",2018-08-01,NEGRO
Tracker,2003,"€86117,78","€1895,52",2018-10-12,VERDE
626,1997,"€98361,89","€2785,58",2010-09-02,GRIS
Mountaineer,2003,"€16228,63","€1950,73",2015-08-18,GRIS
Thunderbird,2002,"€50472,48","€1896,05",2014-11-18,NEGRO
3 Series,1992,"€95640,13","€3422,88",2011-12-03,NEGRO
Savana 1500,2001,"€33875,93","€2600,61",2016-10-18,NEGRO
Grand Prix,1987,"€81639,18","€2293,61",2018-10-28,BLANCO
Avenger,1997,"€22801,90","€2737,62",2018-10-09,GRIS
E-Class,1987,"€36204,90","€2350,53",2016-06-03,GRIS
Express 1500,1997,"€97025,45","€2391,50",2018-05-29,VERDE
Ram Wagon B350,1993,"€87524,55","€2683,49",2012-04-15,GRIS
Suburban 2500,1994,"€38776,52","€3372,04",2012-10-22,BLANCO
Sentra,1993,"€17429,11","€2226,06",2019-05-06,ROJO
Endeavor,2005,"€68463,57","€2222,13",2014-10-25,VERDE
Park Avenue,1997,"€33617,50","€2395,78",2012-01-20,NEGRO
MX-5,2005,"€38752,94","€3221,36",2010-07-08,BLANCO
B-Series Plus,1998,"€35183,94","€1659,62",2020-07-17,NEGRO
Equus,2011,"€62625,83","€2021,47",2018-07-23,GRIS
S2000,2005,"€93990,06","€2059,65",2014-05-04,GRIS
G-Series G10,1992,"€29901,58","€3138,06",2013-08-13,VERDE
Grand Marquis,1988,"€98266,33","€1817,61",2010-12-11,GRIS
Savana,2011,"€97842,63","€1589,41",2018-06-13,VERDE
Eclipse,1991,"€33620,39","€3302,62",2015-07-23,VERDE
Pilot,2007,"€90931,65","€2057,95",2011-02-07,ROJO
Passport,1995,"€11260,39","€3138,09",2010-02-13,NEGRO
Scirocco,1986,"€79480,87","€2673,36",2018-05-23,NEGRO
Mazda5,2008,"€37284,59","€2594,97",2018-01-14,BLANCO
Yukon XL 2500,2002,"€21967,96","€2706,35",2011-10-27,NEGRO
Prizm,1999,"€21463,61","€2329,10",2019-09-01,ROJO
Suburban 2500,1999,"€25956,17","€1829,36",2010-11-02,GRIS
Forenza,2006,"€42098,03","€2016,47",2010-09-24,NEGRO
Blackwood,2003,"€38316,42","€1817,11",2010-06-12,GRIS
929,1987,"€61368,35","€3268,06",2016-03-03,ROJO
911,2008,"€72586,84","€3409,79",2017-03-16,BLANCO
Dakota,1997,"€95136,66","€3206,23",2010-05-04,ROJO
S5,2009,"€57150,42","€1679,72",2016-12-06,VERDE
Aspen,1976,"€69504,03","€1720,05",2018-10-04,VERDE
Mustang,1999,"€43853,91","€1784,85",2013-09-26,BLANCO
Spyder,1989,"€54615,92","€2101,34",2010-03-11,VERDE
MX-5,1997,"€70185,73","€2269,54",2017-07-06,GRIS
M,2000,"€37402,18","€1887,65",2010-10-17,ROJO
Crossfire,2007,"€74556,63","€2890,85",2011-09-03,GRIS
Durango,2003,"€9041,00","€1665,54",2016-10-20,BLANCO
V50,2005,"€90453,86","€2464,26",2015-10-15,GRIS
Accord,1988,"€65392,66","€1799,80",2018-06-14,ROJO
Civic GX,2003,"€59031,11","€2762,00",2010-03-25,BLANCO
Sportvan G20,1994,"€37143,41","€2770,17",2015-10-25,ROJO
968,1994,"€59710,60","€2475,19",2013-04-25,GRIS
Legacy,2003,"€49494,14","€3238,36",2018-01-09,VERDE
Sable,1999,"€9060,27","€2513,31",2010-02-24,NEGRO
V8,1990,"€25763,97","€2770,86",2018-08-08,VERDE
Challenger,2008,"€50309,05","€2618,39",2014-01-11,VERDE
Galant,2008,"€54535,15","€2017,14",2012-03-04,VERDE
Patriot,2010,"€66253,38","€2720,22",2019-05-17,VERDE
929,1991,"€11881,73","€2639,07",2012-08-17,NEGRO
GLI,2009,"€73616,14","€2580,48",2014-12-29,NEGRO
Jetta,2001,"€17967,69","€2037,03",2018-11-19,NEGRO
Express 3500,2008,"€43902,79","€1968,69",2017-10-21,GRIS
GS,1998,"€18692,60","€2666,93",2015-04-19,BLANCO
Cayenne,2013,"€93620,00","€1800,38",2018-05-16,BLANCO
911,1991,"€38421,49","€3119,50",2013-11-15,NEGRO
LeMans,1965,"€8436,96","€1743,24",2013-12-21,ROJO
Trooper,2002,"€76405,34","€2680,87",2017-03-19,GRIS
F150,1995,"€47944,13","€3163,46",2012-09-22,BLANCO
Legend,1993,"€11979,34","€2491,85",2015-12-08,GRIS
RL,1996,"€65213,70","€2427,41",2020-05-10,BLANCO
Sierra 1500,1999,"€61877,05","€1889,34",2017-04-23,GRIS
Sentra,2011,"€66892,44","€3133,29",2013-11-22,BLANCO
Countach,1990,"€12710,27","€2053,52",2013-02-20,GRIS
Tredia,1984,"€28438,55","€2847,50",2016-08-29,BLANCO
S70,2000,"€16342,00","€2633,99",2019-01-16,GRIS
Voyager,2003,"€80112,88","€2932,70",2016-12-29,VERDE
Sonoma,2004,"€19221,82","€1765,92",2012-10-12,ROJO
Aveo,2009,"€30990,74","€2081,85",2013-02-16,GRIS
3 Series,2010,"€45059,25","€2823,76",2010-07-01,BLANCO
Tempo,1986,"€21086,40","€2907,42",2016-04-21,BLANCO
Voyager,1993,"€97518,29","€1936,40",2010-10-10,BLANCO
Eldorado,1997,"€68842,60","€2670,57",2016-10-24,NEGRO
Maxima,2010,"€71636,12","€3399,78",2010-07-05,NEGRO
Gallardo,2006,"€66902,96","€2186,73",2016-05-18,ROJO
Lucerne,2006,"€21768,31","€2568,00",2018-05-10,BLANCO
LR3,2007,"€56492,87","€3268,62",2017-01-11,GRIS
Continental,1985,"€81078,48","€3342,26",2017-05-23,NEGRO
X6 M,2013,"€80065,79","€2824,76",2020-01-03,NEGRO
Grand Prix,1978,"€87544,55","€2627,44",2013-09-30,VERDE
Legacy,1996,"€46153,97","€2208,41",2019-11-15,NEGRO
Xterra,2008,"€32163,63","€2573,79",2020-02-29,NEGRO
Corolla,2006,"€45881,67","€3265,64",2015-03-14,GRIS
Ram 3500,2010,"€78823,66","€3107,30",2011-06-01,BLANCO
Continental,1996,"€48191,38","€2625,01",2012-08-11,BLANCO
Thunderbird,1987,"€13056,98","€3459,50",2010-06-06,NEGRO
Thunderbird,2006,"€38708,48","€3192,05",2017-01-22,NEGRO
Scirocco,1986,"€72688,10","€1913,31",2014-10-13,BLANCO
Tacoma Xtra,1997,"€47946,52","€1983,26",2011-10-12,NEGRO
Esteem,1999,"€10548,57","€2127,21",2019-11-27,BLANCO
Land Cruiser,2007,"€77578,77","€1709,19",2014-03-14,ROJO
Grand Am,1990,"€40680,97","€2766,83",2013-08-12,BLANCO
Crossfire,2005,"€43316,75","€2897,81",2013-01-28,BLANCO
B-Series Plus,1995,"€55659,93","€2129,83",2010-06-11,NEGRO
C70,2001,"€49522,66","€1893,31",2013-09-23,NEGRO
Rendezvous,2004,"€48233,58","€2097,66",2020-03-15,BLANCO
Camaro,1969,"€56614,58","€2668,96",2016-05-12,NEGRO
Civic,2008,"€56988,65","€2867,36",2016-03-23,BLANCO
Murano,2010,"€78491,32","€1954,43",2020-03-25,ROJO
Firebird,1967,"€33722,41","€1781,69",2020-05-08,VERDE
Viper,2006,"€17464,39","€1940,64",2012-01-15,ROJO
GS,2009,"€39612,36","€3164,53",2017-11-08,NEGRO
Grand Marquis,1989,"€58345,04","€1709,93",2017-07-24,VERDE
MX-5,2012,"€79586,81","€2846,86",2018-11-19,GRIS
Safari,1993,"€22972,92","€3006,58",2018-05-19,NEGRO
Crown Victoria,1995,"€80628,66","€2460,62",2013-05-08,BLANCO
Explorer Sport Trac,2000,"€81024,13","€1785,14",2018-06-16,GRIS
Tucson,2005,"€86418,66","€1750,00",2017-06-04,VERDE
Mazda5,2006,"€64180,62","€1663,45",2013-10-06,NEGRO
Stratus,2001,"€22215,45","€2980,59",2015-02-15,NEGRO
Topaz,1994,"€55182,58","€3324,91",2010-09-27,GRIS
CL-Class,2007,"€66190,45","€3286,57",2018-05-30,BLANCO
Intrepid,2000,"€83062,34","€2333,57",2018-02-09,ROJO
Brat,1984,"€72701,78","€1599,90",2019-06-24,BLANCO
Sierra,2011,"€45717,05","€2971,91",2019-03-15,BLANCO
Vigor,1992,"€19575,21","€2712,18",2015-02-20,GRIS
Tahoe,1996,"€26730,24","€2771,55",2013-06-03,VERDE
V12 Vantage,2012,"€21940,59","€2968,52",2011-09-11,ROJO
SC,2010,"€69240,25","€1870,47",2012-04-09,ROJO
Outlander,2008,"€84608,21","€2856,24",2013-04-18,BLANCO
Explorer Sport,2001,"€86268,84","€2934,16",2019-02-06,GRIS
LeMans,1991,"€95628,62","€2779,00",2013-11-12,ROJO
Ram 3500,1996,"€91159,83","€1926,68",2013-09-13,ROJO
Stealth,1995,"€47041,02","€2141,42",2016-01-11,BLANCO
Ram Van 1500,1997,"€52691,37","€2343,53",2017-06-10,GRIS
Mini,1963,"€91894,72","€2489,87",2014-12-08,NEGRO
Q,2002,"€39038,28","€3014,92",2012-02-11,NEGRO
CL-Class,2001,"€81088,64","€2168,50",2018-05-09,BLANCO
Civic,1996,"€61264,56","€1751,87",2016-07-29,GRIS
Eclipse,2012,"€49110,24","€2676,05",2011-05-09,GRIS
C-Class,1994,"€62446,87","€2498,25",2013-05-14,VERDE
500E,1992,"€86517,55","€1580,92",2014-07-04,ROJO
riolet,1994,"€85616,18","€2345,20",2020-06-05,BLANCO
Navigator L,2011,"€82296,34","€2319,18",2010-11-16,BLANCO
626,1986,"€85248,17","€1728,20",2018-05-31,BLANCO
Firebird,1967,"€58288,75","€3405,25",2019-07-01,ROJO
2500,1993,"€23734,92","€3306,68",2018-07-20,NEGRO
CLK-Class,2006,"€77202,47","€3017,53",2011-06-28,ROJO
F-Series,2001,"€45845,63","€1656,30",2018-02-09,BLANCO
MX-6,1989,"€9054,46","€2261,33",2011-11-16,VERDE
Intrepid,1999,"€42405,28","€3472,11",2016-12-31,BLANCO
HHR,2009,"€95400,89","€1667,12",2019-06-19,NEGRO
Integra,1997,"€25457,31","€2858,87",2015-11-18,BLANCO
Mustang,2010,"€52013,44","€2029,85",2010-04-28,BLANCO
Corvette,1986,"€47456,02","€2395,56",2010-11-18,ROJO
Taurus,1996,"€51781,73","€3128,80",2014-04-11,GRIS
Cayenne,2011,"€12858,24","€2355,36",2015-07-01,ROJO
Colt,1992,"€12034,74","€2336,85",2010-06-01,ROJO
New Yorker,1996,"€75416,50","€1767,41",2017-04-22,ROJO
Compass,2012,"€66278,15","€2508,88",2015-03-15,VERDE
Galant,1994,"€99568,30","€3133,67",2020-01-09,VERDE
HHR,2009,"€51280,69","€1918,63",2011-11-26,NEGRO
Amanti,2007,"€13795,94","€2967,60",2012-04-20,NEGRO
New Beetle,2012,"€53176,89","€1710,80",2010-07-31,GRIS
B-Series Plus,1997,"€41298,06","€2501,48",2018-11-07,ROJO
SLS AMG,2012,"€24573,10","€2884,24",2013-07-30,NEGRO
S-Type,2005,"€31230,13","€1609,88",2010-12-26,BLANCO
Compass,2007,"€51558,63","€2718,86",2016-06-07,VERDE
VehiCROSS,2000,"€24203,55","€2242,07",2012-02-28,NEGRO
Legacy,1999,"€94750,68","€2937,02",2016-04-15,VERDE
Escort,1995,"€85421,49","€1940,21",2020-07-04,VERDE
GX,2012,"€34969,97","€3043,05",2014-11-13,NEGRO
MR2,2003,"€18393,05","€2189,63",2014-01-30,NEGRO
Express 3500,2007,"€32604,39","€2973,10",2014-10-07,VERDE
RDX,2011,"€66756,38","€1673,50",2018-03-30,BLANCO
Escape,2008,"€27740,72","€1709,82",2011-12-05,NEGRO
Corvette,1960,"€53723,27","€2800,47",2016-11-27,GRIS
Savana 1500,2012,"€62643,86","€1612,21",2012-05-31,ROJO
Dakota,1996,"€55283,56","€2887,37",2010-12-27,VERDE
Uplander,2005,"€56307,51","€3211,40",2011-01-04,NEGRO
Pathfinder,2006,"€43201,75","€3418,20",2019-05-29,NEGRO
Corvette,1999,"€71581,29","€2700,18",2018-09-23,GRIS
D150 Club,1992,"€22622,80","€3395,49",2019-01-22,ROJO
500,2012,"€52742,00","€3236,79",2011-07-10,ROJO
V40,2003,"€33006,58","€3342,17",2020-06-08,VERDE
Vandura 1500,1994,"€51868,08","€2571,87",2017-09-28,GRIS
E150,2004,"€53412,12","€3066,11",2012-05-07,BLANCO
Park Avenue,2000,"€64344,73","€1955,87",2016-02-23,BLANCO
Vibe,2006,"€52584,96","€3307,69",2019-04-13,VERDE
E-Series,2005,"€12572,79","€2684,60",2015-09-13,VERDE
Supra,1998,"€64206,26","€1962,42",2012-03-04,GRIS
DeVille,2003,"€94313,29","€1751,98",2017-02-12,NEGRO
Yaris,2011,"€43283,50","€3106,39",2018-02-10,BLANCO
Accord,2007,"€19080,65","€1773,95",2020-02-15,BLANCO
Suburban 2500,2009,"€74886,34","€2150,84",2017-01-04,BLANCO
GT-R,2013,"€23642,13","€2269,19",2014-03-25,NEGRO
ES,1992,"€27060,82","€3454,11",2017-05-01,NEGRO
Chariot,1990,"€55565,33","€3262,01",2014-02-21,BLANCO
Elantra,1995,"€45283,68","€2091,55",2015-04-25,BLANCO
Tribeca,2008,"€86802,98","€2229,76",2017-05-29,VERDE
GranTurismo,2009,"€37351,01","€2205,50",2012-06-29,ROJO
Acadia,2012,"€36018,91","€3362,92",2019-12-08,GRIS
Land Cruiser,2005,"€12434,37","€3004,04",2012-02-19,NEGRO
Grand Am,1988,"€63684,31","€1894,36",2012-07-19,ROJO
9000,1990,"€41558,54","€2960,59",2010-04-19,BLANCO
Truck,1986,"€30511,43","€2401,58",2010-02-13,NEGRO
Town Car,1999,"€10711,55","€2960,45",2013-03-01,VERDE
Boxster,2010,"€70525,37","€3279,64",2018-11-05,VERDE
Camaro,1998,"€96194,59","€2842,52",2013-06-21,VERDE
Avalanche 1500,2004,"€86201,06","€3054,64",2017-08-10,ROJO
Aerostar,1993,"€76421,29","€2310,09",2015-04-20,BLANCO
EX,2012,"€19894,43","€2462,97",2020-06-19,VERDE
Trans Sport,1997,"€49297,85","€2526,01",2018-12-24,NEGRO
Vantage,2009,"€86698,49","€2595,53",2012-06-26,GRIS
Envoy XL,2005,"€42893,06","€2336,64",2010-08-14,NEGRO
Silverado 2500,2005,"€99856,72","€2923,18",2011-01-07,NEGRO
GTI,2005,"€13524,32","€3386,95",2012-08-01,BLANCO
XR4Ti,1985,"€84336,28","€2840,43",2013-04-14,NEGRO
Yukon XL 1500,2012,"€82065,38","€3387,50",2010-04-08,GRIS
RS4,2008,"€40185,84","€3035,91",2011-06-09,NEGRO
Insight,2002,"€24561,91","€3418,15",2014-01-20,GRIS
Ram,2009,"€74092,32","€3026,45",2012-12-26,VERDE
MR2,1986,"€22927,65","€2153,47",2017-04-20,VERDE
G-Series 2500,1996,"€12087,60","€1711,89",2012-02-19,VERDE
911,1985,"€91633,88","€2325,80",2017-09-08,GRIS
Grand Cherokee,2012,"€96418,55","€1757,75",2010-11-24,ROJO
Tahoe,2009,"€55536,97","€2344,14",2020-02-03,ROJO
Grand Caravan,2002,"€45905,43","€2225,49",2016-08-14,NEGRO
Odyssey,1998,"€21316,96","€2097,68",2014-02-07,BLANCO
Legacy,2000,"€27147,01","€3072,64",2010-02-16,GRIS
Express 3500,2012,"€28187,67","€3464,99",2015-04-06,NEGRO
Miata MX-5,2003,"€91147,01","€3057,32",2017-08-28,ROJO
CLK-Class,1999,"€48089,33","€2628,69",2013-05-09,VERDE
900,1993,"€28664,17","€2214,11",2014-06-30,GRIS
Ram Wagon B250,1992,"€57041,55","€2854,18",2011-01-26,GRIS
Q7,2011,"€23980,16","€1814,82",2017-07-30,BLANCO
Sephia,1997,"€59128,69","€2050,04",2012-08-02,ROJO
Corvette,1973,"€65760,32","€1584,05",2013-12-03,ROJO
G-Series 1500,1996,"€89242,63","€2318,55",2014-12-19,VERDE
Dakota,1992,"€90421,64","€3296,31",2013-12-26,NEGRO
LR4,2012,"€68778,84","€2383,69",2018-03-10,VERDE
Tahoe,2010,"€40737,62","€2590,50",2012-03-16,NEGRO
Sierra 2500,2011,"€46121,43","€3101,82",2014-10-22,ROJO
Express 2500,2003,"€49819,93","€2979,16",2012-05-30,GRIS
QX,2004,"€98568,08","€2049,83",2020-05-05,NEGRO
Transit Connect,2012,"€84226,54","€3290,42",2016-05-31,VERDE
Camaro,1997,"€91841,23","€1768,31",2013-06-29,VERDE
600,1959,"€65722,24","€2259,03",2016-01-19,NEGRO
LSS,1997,"€68016,09","€3107,95",2019-07-22,NEGRO
STS-V,2009,"€45504,57","€1969,49",2014-07-19,NEGRO
Escape,2000,"€13992,06","€2584,43",2013-10-31,VERDE
SL-Class,2005,"€49706,17","€2121,37",2016-02-14,ROJO
Explorer,2002,"€98630,67","€3203,67",2017-04-11,ROJO
Ranger,2010,"€65898,36","€2511,56",2015-06-02,VERDE
F-Series,2007,"€40648,73","€1663,89",2011-08-02,ROJO
Sienna,2001,"€84718,35","€1615,00",2018-11-23,VERDE
Bonneville,1967,"€60084,07","€3444,56",2012-06-28,ROJO
Exige,2012,"€97306,43","€2475,78",2012-08-27,NEGRO
Grand Am,1997,"€47029,36","€1913,83",2019-11-08,GRIS
Optima,2005,"€77066,37","€2643,38",2016-01-20,ROJO
Caravan,2003,"€30162,35","€2150,86",2015-08-14,ROJO
Silverado 3500,2010,"€26034,41","€1716,58",2013-03-31,ROJO
Yukon XL 1500,2008,"€30995,28","€3070,37",2015-07-21,BLANCO
R-Class,2012,"€34469,12","€3427,90",2012-09-02,BLANCO
9-7X,2005,"€38184,74","€3005,07",2017-09-24,ROJO
Savana 3500,2005,"€80035,51","€1742,46",2018-03-19,NEGRO
Sportage,1995,"€46461,52","€2305,72",2016-10-11,GRIS
Explorer Sport Trac,2000,"€64737,83","€2295,65",2016-04-02,GRIS
V8,1991,"€88467,77","€1619,21",2016-12-09,BLANCO
Vantage,2007,"€49484,82","€2546,52",2013-12-14,BLANCO
Accord,1985,"€64422,68","€2310,03",2016-02-19,NEGRO
F-Series,2002,"€16672,14","€3330,51",2014-10-12,ROJO
Trans Sport,1998,"€78438,52","€2780,42",2013-12-22,ROJO
Altima,1998,"€99396,79","€3101,09",2017-11-06,GRIS
ES,2006,"€57818,41","€2555,92",2014-06-23,NEGRO
Swift,1988,"€91466,88","€2649,19",2016-06-08,ROJO
Explorer Sport Trac,2003,"€20121,95","€2934,18",2019-02-13,GRIS
LaCrosse,2007,"€22385,30","€3079,67",2012-06-26,BLANCO
Eurovan,1992,"€67955,90","€2815,34",2018-12-29,ROJO
Carrera GT,2004,"€30943,52","€2006,82",2010-06-27,GRIS
Outlander,2008,"€22241,05","€2592,51",2010-04-25,BLANCO
Cayenne,2006,"€30855,15","€2001,42",2016-10-01,NEGRO
Boxster,2007,"€80068,67","€1649,82",2019-07-30,ROJO
Express 2500,2007,"€64557,87","€2213,41",2012-04-05,NEGRO
A8,2006,"€59016,84","€2606,96",2019-06-16,BLANCO
Mark VIII,1995,"€36118,81","€2436,61",2017-08-31,GRIS
Civic,1995,"€57101,77","€1622,61",2012-03-02,BLANCO
626,1991,"€27750,25","€2749,57",2017-09-14,ROJO
Millenia,1998,"€22150,81","€3389,97",2019-05-25,VERDE
Bonneville,1967,"€74379,57","€2053,26",2013-09-08,NEGRO
Yukon,1995,"€89410,43","€3119,70",2015-01-23,VERDE
850,1996,"€86866,64","€1877,90",2020-05-08,BLANCO
Cutlass Supreme,1993,"€34751,50","€3237,60",2020-03-31,BLANCO
EX,2009,"€42311,44","€2143,02",2015-03-15,NEGRO
H2,2008,"€15033,86","€3127,45",2015-08-27,GRIS
Jetta,1988,"€66675,36","€2015,20",2019-07-07,ROJO
S-Series,1997,"€48773,12","€1778,55",2016-02-06,VERDE
Maxima,1990,"€85187,28","€2652,76",2012-04-26,VERDE
Monte Carlo,1997,"€37650,31","€1831,77",2017-06-30,VERDE
Titan,2012,"€19237,63","€1759,72",2020-03-13,NEGRO
Regal,2011,"€14204,42","€3244,95",2014-07-30,BLANCO
B-Series Plus,1994,"€51700,49","€1674,88",2018-05-04,ROJO
Firebird,1969,"€49750,04","€3106,92",2014-05-31,BLANCO
F250,2000,"€98236,20","€1780,18",2018-03-07,BLANCO
Entourage,2009,"€73999,84","€3120,17",2020-04-25,GRIS
GTI,1989,"€61860,87","€2006,54",2013-11-20,ROJO
Savana 1500,2005,"€56214,08","€2986,22",2019-12-09,NEGRO
Sierra 3500,2011,"€38721,92","€2983,72",2017-11-23,ROJO
FJ Cruiser,2007,"€54915,18","€1593,58",2017-09-21,VERDE
Z3,1998,"€11342,83","€1668,06",2010-04-16,GRIS
Camaro,1968,"€52234,96","€3428,13",2015-10-28,NEGRO
Viper RT/10,1995,"€77854,46","€2475,00",2015-12-10,GRIS
9-3,2012,"€82464,18","€3290,87",2018-04-08,ROJO
Dakota,2002,"€37496,64","€2371,79",2012-04-05,NEGRO
350Z,2003,"€52044,72","€2048,53",2010-10-01,VERDE
Optima,2005,"€19731,92","€2476,85",2019-12-04,VERDE
Skyhawk,1986,"€62988,34","€1784,24",2013-09-28,GRIS
Thunderbird,2006,"€93640,47","€2592,52",2014-02-04,GRIS
Galant,1995,"€23923,43","€2137,82",2011-04-30,VERDE
Dakota,2007,"€25833,96","€3380,67",2015-03-19,NEGRO
Equus,2012,"€42222,17","€3273,57",2013-03-15,ROJO
Mazda6,2009,"€85865,89","€2537,03",2017-11-26,ROJO
Diablo,1997,"€8789,60","€2279,20",2019-08-28,NEGRO
CL,2001,"€94018,15","€2676,28",2014-10-05,VERDE
F-Series,1997,"€56383,25","€2466,11",2014-01-20,ROJO
Sportvan G20,1993,"€11787,80","€3187,51",2018-02-23,NEGRO
LX,2013,"€38163,63","€1682,83",2015-10-29,VERDE
3500 Club Coupe,1993,"€35129,46","€2750,81",2015-10-11,ROJO
Firefly,1995,"€44466,93","€2588,52",2011-11-10,NEGRO
Probe,1997,"€39250,47","€3195,03",2012-03-27,VERDE
IS-F,2011,"€44215,24","€3463,14",2014-12-05,VERDE
Golf,1990,"€68163,76","€2165,98",2014-03-01,GRIS
Stratus,2002,"€12589,24","€1954,29",2018-09-29,ROJO
Viper,2004,"€14663,16","€3214,38",2016-02-06,VERDE
Taurus,2010,"€96325,89","€2412,77",2020-04-07,NEGRO
Ram 1500 Club,1997,"€71353,14","€3252,20",2014-02-15,GRIS
Cirrus,1998,"€99876,52","€1590,13",2015-02-10,GRIS
62,2003,"€50766,07","€3060,47",2017-02-08,ROJO
88,1993,"€24144,36","€2499,44",2013-11-30,GRIS
Celica,1992,"€59293,63","€3360,43",2018-05-23,ROJO
Passat,1994,"€66173,13","€3028,06",2017-08-25,GRIS
Century,1990,"€82303,77","€3459,18",2019-05-23,VERDE
SJ,1993,"€95634,90","€2658,68",2016-08-26,ROJO
Viper,1994,"€10729,02","€2747,38",2014-12-02,GRIS
B-Series Plus,1997,"€68685,82","€3226,25",2019-10-26,VERDE
Town & Country,2002,"€64790,26","€3079,25",2017-06-02,NEGRO
Grand Caravan,2006,"€18708,42","€2646,19",2015-08-19,VERDE
Quest,2000,"€69366,19","€2569,22",2017-02-09,ROJO
Prelude,1997,"€63429,66","€2697,39",2010-04-06,BLANCO
Altima,2004,"€17217,38","€2151,90",2015-08-08,VERDE
Tundra,2005,"€53918,99","€2438,96",2014-12-30,BLANCO
Savana 1500,2000,"€27819,40","€2709,00",2011-06-25,NEGRO
Forenza,2007,"€71052,64","€2020,19",2018-06-15,VERDE
Daewoo Lacetti,2005,"€97339,42","€2147,65",2014-05-17,BLANCO
Villager,1997,"€47022,38","€2157,47",2015-01-30,ROJO
Express 1500,2012,"€19958,14","€2994,56",2017-03-03,GRIS
Vanquish S,2005,"€81272,83","€2908,59",2012-11-15,BLANCO
GTI,1998,"€69493,09","€3491,04",2019-12-20,BLANCO
Ranger,1999,"€94080,72","€2299,60",2011-11-23,VERDE
Aztek,2003,"€74698,01","€1621,32",2017-11-27,ROJO
A4,2005,"€49230,90","€2037,88",2016-08-28,VERDE
Scoupe,1994,"€33282,88","€1676,74",2017-12-15,ROJO
Crosstour,2012,"€33713,17","€1858,00",2015-05-04,NEGRO
Galant,1999,"€55395,79","€2586,86",2016-09-22,BLANCO
Mustang,2000,"€40294,55","€2609,65",2015-09-15,VERDE
Navajo,1993,"€83162,69","€2103,81",2015-01-11,ROJO
G,2005,"€31692,93","€2988,86",2010-06-14,NEGRO
Corvette,1992,"€23208,24","€1978,37",2018-09-05,NEGRO
Cavalier,2005,"€34486,23","€2478,74",2018-10-17,NEGRO
S5,2010,"€73812,40","€3176,09",2010-04-30,NEGRO
Excursion,2000,"€8867,67","€2494,33",2020-02-04,ROJO
Terraza,2005,"€45731,72","€3483,82",2016-12-21,VERDE
Range Rover,1989,"€71057,08","€1926,00",2011-04-13,NEGRO
IS,2004,"€69947,26","€2104,81",2011-01-13,ROJO
Villager,1997,"€21311,40","€2100,08",2012-06-20,VERDE
MX-6,1992,"€38754,99","€2901,34",2010-07-27,ROJO
CL-Class,2012,"€78038,34","€2050,51",2015-05-27,ROJO
Corolla,2004,"€23284,27","€1700,62",2014-08-17,ROJO
Matrix,2010,"€60088,44","€1744,69",2015-07-09,VERDE
S-Class,2001,"€50866,23","€2246,56",2016-08-14,GRIS
C70,2007,"€76883,33","€3110,97",2015-11-18,BLANCO
Celica,2002,"€79453,06","€2197,16",2018-12-19,NEGRO
Eclipse,1991,"€30128,57","€1611,56",2010-12-01,GRIS
G25,2011,"€14258,88","€2370,05",2019-06-24,VERDE
Defender 90,1994,"€94747,48","€2632,46",2014-09-06,BLANCO
ES,1995,"€63788,89","€3046,50",2019-10-10,NEGRO
Metro,1997,"€12829,89","€2438,22",2020-06-03,ROJO
Milan,2007,"€36790,42","€2500,47",2017-08-03,VERDE
Parisienne,1985,"€11231,32","€2345,35",2014-12-02,NEGRO
Silverado 2500,2001,"€51577,12","€2302,09",2013-06-05,ROJO
458 Italia,2012,"€57686,47","€1607,66",2016-09-12,ROJO
Probe,1989,"€66379,39","€3149,28",2014-12-14,ROJO
Legacy,1989,"€22842,22","€1630,61",2016-10-10,NEGRO
E150,2005,"€95475,21","€1944,21",2013-04-21,NEGRO
Type 2,1986,"€59945,36","€3354,37",2019-10-29,BLANCO
A3,2006,"€73174,56","€2445,58",2015-08-02,BLANCO
Grand Cherokee,2005,"€69884,98","€2228,65",2018-11-14,GRIS
TT,2001,"€55384,36","€1718,52",2011-05-28,NEGRO
Yukon XL 1500,2004,"€19832,61","€2217,01",2020-05-11,NEGRO
900,1990,"€98385,56","€2794,20",2011-03-22,GRIS
4Runner,2005,"€9309,12","€2393,73",2018-03-25,GRIS
Impreza WRX,2011,"€82912,41","€2491,28",2016-01-01,NEGRO
Yukon XL 2500,2009,"€54789,47","€2882,20",2019-04-16,VERDE
Econoline E250,1999,"€96127,75","€1676,38",2013-04-25,ROJO
Wrangler,2009,"€40955,23","€1989,48",2018-04-25,GRIS
Freestyle,2006,"€71109,69","€3368,66",2014-01-22,BLANCO
Elantra,2005,"€22710,45","€2459,24",2014-07-09,BLANCO
Z4 M,2006,"€66592,59","€2490,61",2020-01-20,GRIS
Malibu,1997,"€79868,21","€2427,98",2018-05-13,GRIS
XK,2011,"€77981,06","€2466,41",2018-02-21,BLANCO
Swift,1988,"€68792,59","€2171,01",2014-06-21,VERDE
Celica,2003,"€40125,52","€2625,96",2010-12-23,ROJO
Silverado 1500,2011,"€89536,39","€2760,19",2011-09-11,ROJO
Yukon,2011,"€14397,35","€1882,41",2016-04-15,VERDE
Murano,2007,"€31329,48","€2037,89",2013-12-11,ROJO
Mazda6,2013,"€71464,70","€1896,58",2011-10-23,GRIS
Tacoma,2000,"€70886,76","€2533,74",2011-02-20,GRIS
Traverse,2010,"€43728,24","€3069,47",2010-11-13,VERDE
RL,2011,"€9048,43","€2943,14",2012-11-25,BLANCO
Achieva,1997,"€44738,18","€2627,80",2013-03-18,GRIS
Accent,1995,"€72239,64","€1736,86",2014-04-19,ROJO
Tempest,1966,"€63179,14","€3413,15",2013-07-29,VERDE
3 Series,2003,"€82421,90","€2171,45",2019-10-11,GRIS
Expo,1993,"€69092,06","€2672,11",2017-12-10,ROJO
Venture,1998,"€12607,07","€2100,94",2020-03-05,GRIS
Century,1997,"€51933,61","€3356,08",2018-03-16,NEGRO
Laser,1985,"€54106,34","€2377,40",2019-06-22,BLANCO
RDX,2011,"€57063,31","€3451,39",2012-10-25,ROJO
Express,2006,"€59814,80","€3404,73",2016-07-11,ROJO
RSX,2002,"€37338,33","€1916,19",2017-06-01,NEGRO
Typ-1,2009,"€32408,57","€2567,29",2015-04-13,BLANCO
Relay,2005,"€58545,92","€2694,17",2015-04-03,GRIS
Pathfinder,1993,"€18417,80","€2795,68",2020-03-18,NEGRO
ES,1990,"€8293,71","€2111,80",2011-07-15,VERDE
Navigator L,2010,"€44881,20","€3091,64",2010-05-30,BLANCO
Tempo,1994,"€81774,57","€2166,41",2012-02-24,BLANCO
Discovery,2006,"€43964,17","€3033,53",2017-04-13,BLANCO
Town & Country,2003,"€93298,09","€1876,19",2016-12-09,VERDE
G3,2009,"€29928,91","€2513,33",2015-11-20,ROJO
Sienna,2000,"€28168,87","€2239,41",2014-03-31,BLANCO
Dakota Club,2003,"€96387,33","€1639,76",2012-04-25,VERDE
Galant,1986,"€16112,87","€2471,67",2016-05-04,BLANCO
Grand Prix,1986,"€82214,33","€3296,17",2019-04-18,BLANCO
Sable,1992,"€11379,17","€2548,83",2016-09-12,VERDE
Vandura G2500,1995,"€91701,64","€1851,61",2015-06-30,VERDE
LS,1993,"€94673,57","€3184,60",2012-11-01,BLANCO
Rendezvous,2005,"€13656,88","€2023,97",2011-08-22,VERDE
Brat,1984,"€39922,84","€3269,58",2016-06-22,NEGRO
ES,2002,"€18616,84","€1886,43",2014-11-02,ROJO
Grand Voyager,1997,"€61299,74","€2000,54",2015-10-22,ROJO
Continental Mark VII,1991,"€31952,88","€2778,42",2010-04-23,GRIS
Seville,2000,"€36724,78","€3492,51",2015-04-16,ROJO
Golf,1976,"€29584,41","€2320,41",2012-04-04,GRIS
CX-7,2012,"€60178,36","€3177,10",2013-10-20,NEGRO
Camaro,1993,"€95183,99","€1683,90",2016-03-14,GRIS
APV,1992,"€9309,15","€2898,85",2015-06-25,GRIS
Golf,1998,"€37893,62","€3183,52",2011-11-30,NEGRO
Avalon,2012,"€28107,67","€3192,90",2012-11-03,VERDE
G35,2007,"€75456,46","€2362,49",2014-05-07,NEGRO
Mazda3,2010,"€90203,82","€2459,58",2017-12-24,GRIS
SRX,2004,"€31178,34","€1665,09",2017-04-12,NEGRO
LS,2011,"€40226,37","€3303,44",2011-11-02,NEGRO
Coupe,2006,"€22147,59","€3295,68",2015-01-27,NEGRO
Golf,1986,"€40098,18","€2640,55",2018-01-04,NEGRO
SX4,2007,"€22244,30","€2987,66",2013-05-30,GRIS
F250,1994,"€99692,84","€3100,79",2018-11-02,NEGRO
Q,2000,"€90873,23","€3242,29",2017-09-15,BLANCO
E-Class,1999,"€53213,21","€2635,49",2018-11-25,BLANCO
350Z,2003,"€56832,79","€2573,83",2013-02-25,BLANCO
Taurus,1987,"€80123,12","€2435,94",2015-01-20,NEGRO
Discovery,1997,"€39687,61","€2080,57",2015-02-15,VERDE
A6,2010,"€43780,79","€2792,71",2018-09-08,BLANCO
Camry,2010,"€18729,44","€2068,80",2017-04-24,BLANCO
Astro,1999,"€96495,69","€3347,03",2012-12-19,NEGRO
X-Type,2003,"€36051,91","€1659,99",2019-02-13,BLANCO
NSX,1995,"€50987,46","€2065,52",2012-01-18,ROJO
MPV,2001,"€39397,26","€3156,92",2014-01-05,VERDE
Century,2005,"€90958,69","€3186,51",2019-02-07,GRIS
SJ,1988,"€48990,52","€2820,17",2018-11-17,VERDE
SL-Class,2009,"€12899,34","€2640,68",2015-06-06,ROJO
Celica,2001,"€42112,24","€3231,43",2018-04-14,VERDE
CR-V,2009,"€79772,18","€2880,20",2014-11-22,ROJO
Boxster,2006,"€94330,02","€2667,67",2018-12-12,NEGRO
Tracker,2001,"€96637,54","€2087,69",2018-05-20,ROJO
Sportvan G20,1994,"€51643,48","€1750,96",2012-09-28,GRIS
Yukon,2002,"€10631,28","€2993,96",2018-02-04,ROJO
Ram 2500 Club,1998,"€18452,44","€1982,24",2014-08-15,NEGRO
Insight,2001,"€65540,94","€1778,73",2015-01-03,GRIS
Pathfinder,2003,"€99420,63","€2905,38",2015-01-09,VERDE
Impala,2003,"€64404,39","€2199,88",2019-08-20,GRIS
BRZ,2013,"€92824,28","€2837,47",2018-11-07,VERDE
GLI,2009,"€43805,31","€2294,60",2019-05-27,GRIS
MX-5,1996,"€27672,63","€2148,00",2014-01-16,VERDE
Villager,1995,"€66370,18","€2027,93",2012-07-19,ROJO
LeSabre,1999,"€65444,58","€3113,50",2014-11-26,BLANCO
GT350,1969,"€19141,99","€3368,25",2012-12-11,VERDE
S-Class,1994,"€15660,64","€3344,15",2017-04-19,GRIS
IS F,2008,"€92260,85","€2665,81",2010-05-06,BLANCO
Achieva,1996,"€10960,16","€2070,38",2015-07-11,ROJO
Prius,2012,"€53346,13","€1601,87",2018-08-30,NEGRO
RAV4,2011,"€67378,22","€1896,36",2014-10-25,ROJO
Accord,2007,"€19136,62","€2525,53",2020-06-02,NEGRO
Touareg 2,2009,"€11455,34","€2044,35",2015-12-16,ROJO
I,1999,"€11600,04","€1589,00",2010-02-22,ROJO
Compass,2007,"€70680,67","€2037,76",2018-08-14,BLANCO
FX,2006,"€58194,61","€2450,59",2013-06-22,NEGRO
Hombre,2000,"€57713,21","€1682,17",2014-03-03,NEGRO
XLR,2006,"€39897,63","€2255,22",2015-11-08,ROJO
HS,2012,"€95218,09","€2194,99",2017-05-10,GRIS
Prius,2003,"€74652,00","€2050,11",2014-04-02,NEGRO
Spider,1994,"€70284,25","€3065,35",2011-02-12,BLANCO
Jetta,1999,"€24095,89","€3186,92",2010-04-27,GRIS
Focus,2011,"€63135,09","€2269,37",2010-10-15,GRIS
Ram Van 1500,2003,"€85505,92","€3240,33",2015-08-11,ROJO
